Airport,Airline,Age,Gender,Nationality,TripPurpose,TripDuration,FlyingCompanion,ProvinceResidence,GroupTravel,NoTripsLastYear,FrequentFlightDestination,Destination,FlightNo,DepartureHr,DepartureMn,DepartureTime,SeatClass,Airfare,NoTransport,ModeTransport,AccessCost,AccessTime,Occupation,Income,MileageAirline,Mileage
1,3,27,1,1,1,5,1,1,2,0,1,3,,17,,2,1,40,1,5,1500,90,2,4,4,
1,3,40,1,1,1,5,5,1,1,2,1,3,7C2401,,,4,1,70,1,1,6000,60,2,3,1,8000
1,3,69,2,1,1,5,6,1,2,0,1,3,7C2401,,,4,1,70,1,1,,56,9,1,,
1,3,29,1,4,1,5,3,1,2,1,3,3,TW101,20,25,3,1,,1,5,1500,50,2,2,2,40000
1,3,28,1,1,1,5,3,1,2,2,1,3,,8,40,4,1,,1,5,900,10,1,4,4,
1,3,35,1,1,1,6,2,1,2,1,4,3,,20,5,3,1,48,1,1,3,90,5,3,2,8000
1,4,31,2,1,1,3,4,1,2,1,1,4,CX421,9,25,1,1,43,1,6,10000,60,2,1,3,
1,3,33,2,1,1,6,2,1,2,2,1,3,,20,5,3,1,48,1,1,,60,5,4,1,5000
1,1,34,2,4,1,15,4,1,2,1,1,3,KE641,18,40,3,1,70,1,1,,56,2,2,1,5000
1,1,40,2,1,1,5,4,1,2,1,1,3,,14,20,2,3,80,2,3,1000,56,12,,,
1,4,22,2,1,1,30,2,1,2,0,5,4,CX419,20,5,3,1,108,2,3,1050,56,12,,,
1,1,36,1,1,1,16,2,1,1,3,1,4,,,,2,1,100,1,3,1300,40,1,4,1,90000
1,2,22,1,1,1,40,0,1,2,2,"1,5,6",4,,,,4,1,100,1,6,10000,120,8,4,,
1,4,22,2,1,1,30,2,1,2,0,5,4,CX419,20,0,3,1,108,2,3,1050,8,12,,,
1,1,44,1,1,2,3,2,1,2,4,1,3,KE5643,18,40,3,1,59,1,1,0,15,5,5,1,100000
1,3,57,1,1,1,7,9,1,2,3,"1,2",3,,20,30,3,1,50,2,3,,56,12,,,
1,3,43,2,4,1,4,4,1,2,2,1,3,7C2301,19,35,3,1,,1,5,3700,100,5,2,,
1,3,21,2,1,1,4,4,1,2,0,1,3,7C2301,19,35,3,1,,1,5,,56,8,,,
1,2,67,2,1,1,7,2,1,1,3,1,1,OZ3195,8,30,3,2,26,1,4,10000,65,7,4,,
1,4,47,1,1,1,2,3,1,2,0,1,2,,5,45,2,1,20,2,2,1050,40,12,,,
1,4,22,2,5,1,5,1,1,2,12,6,2,ZW893,17,45,2,1,19,2,5,,56,12,,,
1,4,29,2,2,1,20,1,1,2,2,1,1,,19,10,3,1,30,1,5,6900,43,2,1,4,
1,1,38,1,1,1,4,3,1,2,3,5,2,,,,2,1,48,1,2,3000,5,2,3,,
1,2,39,2,1,1,5,1,1,2,4,"3,6",2,OZ102,9,0,1,1,60,1,6,13000,60,9,3,,
1,2,28,1,1,2,3,2,1,2,2,3,2,,,,2,1,27,1,5,1150,30,2,3,,
1,2,43,1,1,1,4,3,1,1,1,1,3,,,,2,1,,2,3,,56,12,,,
1,2,31,1,1,2,30,0,1,2,5,2,1,,12,40,2,1,54,1,2,3000,15,3,3,,
1,1,34,1,1,2,99,0,1,2,6,"2,4",1,,13,5,2,1,20,1,1,,56,1,7,4,
1,4,47,1,1,1,5,3,1,1,2,1,3,965,13,35,2,1,,2,2,13300,45,12,,,
1,,61,2,1,1,5,27,1,1,0,2,1,,,,2,1,154,2,3,,15,12,,,
1,3,30,2,1,1,7,3,1,2,3,1,3,,20,5,3,1,60,1,3,3000,15,2,3,4,
1,2,44,1,1,2,15,1,1,2,80,2,1,OZ307,14,20,2,2,26,2,2,13000,45,12,,,
1,2,55,2,1,1,6,4,1,1,0,1,1,OZ749,20,10,3,1,26,2,5,,56,12,,,
1,3,27,2,1,1,5,4,1,2,4,1,3,LJ001,17,20,2,1,60,1,6,15000,60,12,2,1,24000
1,3,25,2,1,1,5,4,1,2,0,2,3,LJ001,17,20,2,1,53,1,6,13000,60,3,,,
1,3,28,1,1,1,6,2,1,2,2,5,3,ZE511,17,30,2,1,23,1,6,14000,60,2,7,,
1,2,25,2,1,1,3,12,1,1,0,7,3,OZ757,20,20,3,1,,1,6,15000,160,5,,,
1,1,31,1,1,1,5,1,1,2,0,"1,4",3,KE687,19,0,3,1,62,1,6,10000,60,2,4,1,8000
1,3,30,1,1,1,4,3,1,2,2,3,3,7C2301,19,35,3,2,,2,8,,90,2,5,1,
1,1,42,2,1,1,5,3,1,1,0,1,3,KE651,5,40,2,1,50,2,2,2400,10,12,,,
1,2,44,1,1,4,10,0,1,2,2,1,3,OZ703,19,50,3,1,55,1,6,9000,40,2,,4,
1,4,69,2,1,1,12,2,1,2,2,1,4,,22,0,4,2,,1,1,,60,9,7,,
1,1,30,1,1,1,6,2,1,1,4,5,4,KE629,18,0,3,1,,1,2,11000,30,2,3,1,3000
1,2,30,2,1,1,6,2,1,2,0,7,3,OZ709,20,20,3,1,,1,3,,56,2,3,,
1,2,32,1,1,1,6,2,1,2,1,7,3,OZ709,20,20,3,1,,1,3,,56,2,3,,
1,2,47,2,1,1,4,4,1,1,1,1,3,OZ3195,20,30,3,1,,1,5,,56,9,3,,
1,4,24,2,1,1,5,2,1,2,2,"1,4,5",3,Z2,8,30,1,1,56,2,2,3300,10,12,,,
1,1,33,1,2,2,10,2,1,2,4,"1,2,3",1,,7,45,3,2,49,1,1,10000,56,1,2,,
1,1,35,1,1,2,6,2,1,2,0,1,4,KE6221,14,5,2,1,222,2,1,,15,12,,,
1,3,33,1,4,1,5,2,1,2,3,1,3,,21,40,4,1,50,1,6,15000,60,2,3,1,30000
1,4,30,1,4,1,5,2,1,1,1,1,3,J195,21,35,4,1,30,2,1,7000,40,12,,,
1,2,40,2,1,1,5,2,1,2,0,1,3,OZ747,19,50,3,1,,2,5,1050,25,12,,,
1,2,42,1,1,1,5,2,1,2,1,1,3,OZ747,19,50,3,1,,1,7,6900,40,12,2,,
1,1,31,2,1,2,5,1,1,2,5,5,3,,17,20,2,1,60,1,7,8000,56,2,4,,
1,1,21,1,1,1,9,0,1,2,2,1,3,,17,20,2,1,60,1,7,,56,8,,,
1,2,52,2,1,1,5,4,1,1,2,1,3,,17,0,2,1,70,1,2,9000,15,8,,,
1,3,71,2,5,1,7,3,1,2,2,5,3,,8,5,3,1,50,2,1,,56,12,,,
1,2,37,2,4,2,5,2,1,2,3,1,3,OZ2757,20,20,3,1,76,1,6,24000,90,2,6,1,200000
1,2,41,2,1,1,6,2,1,2,0,1,3,,7,55,3,1,36,1,2,2500,10,7,2,,
1,3,27,1,1,1,6,1,1,2,1,1,3,LJ015,19,20,3,1,40,1,6,11000,20,1,2,1,5000
1,3,28,2,1,1,5,1,1,2,3,4,3,7C2302,19,35,3,1,31,2,3,1050,15,12,,,
1,3,29,2,4,1,5,2,1,2,3,1,3,7C2302,19,35,3,1,31,1,2,4300,15,2,6,1,29434
1,2,59,2,1,1,30,1,1,2,3,1,3,,19,10,3,1,50,2,2,10000,56,12,,,
1,1,30,2,1,1,6,3,1,2,2,"1,3",3,KE0051,17,40,2,1,50,1,6,15000,56,2,5,1,5000
1,3,29,2,1,1,7,1,1,2,2,6,3,7C2301,19,35,3,1,56,2,2,2700,5,12,,,
1,1,26,1,1,1,5,2,1,2,2,2,1,KE5885,16,33,2,1,28,2,1,,20,12,,,
1,1,25,2,1,1,60,2,1,2,2,1,3,KE622,8,10,2,1,,2,2,5000,15,12,,,
1,4,37,2,1,1,10,1,1,2,3,5,3,PR469,20,45,3,1,53,2,5,1200,30,12,,,
1,3,35,2,1,1,5,2,1,2,1,1,3,7C2401,21,55,4,1,58,2,1,,56,12,,,
1,2,45,1,1,2,5,0,1,2,7,1,3,OZ6763,21,20,4,2,,1,6,15000,70,1,6,,
1,4,41,1,1,1,10,0,1,2,3,5,3,PR469,20,45,3,1,53,2,5,1200,30,12,,,
1,1,47,1,1,1,16,0,1,2,3,1,3,,17,50,2,1,69,1,2,4000,10,7,4,1,72000
1,1,59,2,1,1,60,2,1,2,0,1,3,KE622,20,10,3,1,,2,2,5000,15,12,,,
1,1,54,1,1,2,60,0,1,2,1,1,3,KE629,18,5,3,1,82,1,2,4000,20,2,4,1,33054
1,3,63,2,1,1,5,2,1,2,1,1,3,7C2401,21,55,4,1,58,2,1,,56,12,,,
1,,68,2,1,4,7,3,1,2,0,5,3,,20,5,3,1,50,2,2,2400,5,12,,,
1,3,80,2,1,1,7,3,1,2,0,1,3,,20,5,3,1,50,2,1,,56,12,,,
1,2,35,1,1,1,12,1,1,2,5,1,3,OZ751,16,10,2,1,30,1,5,2000,30,2,4,2,50000
1,1,50,1,1,1,5,6,1,1,3,1,3,,20,20,3,2,50,1,5,,56,5,6,1,80000
1,4,30,1,1,1,7,1,1,2,2,1,1,CZ370,20,30,3,1,50,2,5,1000,56,12,,,
1,3,27,,1,1,15,0,1,2,0,1,3,040CT,19,35,3,1,40,1,5,2000,56,8,1,4,
1,4,42,1,1,1,3,3,1,2,2,5,2,JW892,17,45,2,1,20,1,1,,56,2,5,,
1,1,35,1,5,1,4,0,1,2,6,6,3,KE641,18,40,3,1,50,1,2,5900,10,4,4,2,
1,4,21,2,4,1,6,0,1,2,0,2,3,,11,45,4,1,27,2,3,1100,25,12,,,
1,1,23,2,4,4,100,1,1,2,2,1,3,KE631,20,35,3,1,56,1,6,16000,60,8,5,4,
1,3,29,1,1,2,5,3,1,2,2,6,3,,,,1,1,40,1,2,6000,20,2,4,,
1,,61,2,2,1,415,2,1,1,1,1,,,,,1,1,,2,5,3500,90,9,3,2,
1,1,22,2,1,1,10,0,1,2,1,6,1,,,,2,1,57,1,5,4500,80,3,3,4,
1,,,1,1,1,365,9,1,1,2,7,,,,,4,1,80,2,1,,56,2,3,2,
1,2,23,2,1,1,37,10,1,2,2,3,2,,21,0,4,1,52,1,5,1200,60,8,2,4,
1,4,23,1,1,3,365,1,1,2,1,2,1,,18,50,3,1,,1,5,,80,8,3,,
1,2,27,2,1,1,5,2,1,2,1,1,3,OZ757,20,20,3,1,,2,5,,56,12,,,
1,4,52,2,1,1,7,4,1,1,1,1,3,TG657,,,4,1,50,1,1,,90,7,2,1,120000
1,2,37,1,1,1,10,5,1,2,3,1,3,OZ709,8,20,4,1,40,1,1,,50,1,3,2,40000
1,2,22,1,1,3,180,0,1,2,0,7,1,OZ307,20,0,3,1,26,2,5,,56,8,3,4,
1,2,25,2,1,3,730,0,1,2,0,7,2,OZ178,21,0,4,1,27,1,5,4000,40,8,2,4,
1,1,27,2,1,1,6,2,1,1,0,1,4,KE629,18,5,3,1,,1,2,11000,30,2,3,,
1,2,33,2,1,1,4,4,1,2,1,1,3,,20,20,3,1,,1,6,15000,60,2,2,4,
1,3,43,2,1,1,5,7,1,2,2,1,3,,8,4,3,1,70,1,1,,56,7,2,4,
1,2,66,1,1,1,6,8,2,1,1,1,1,,20,0,3,1,78,1,1,,39,7,2,,
1,3,26,2,1,1,5,2,2,2,0,1,3,21,25,1,4,1,,1,5,1300,50,5,2,,
1,1,50,2,1,1,7,2,2,2,0,1,3,KE659,20,20,3,1,,1,5,,30,9,4,4,
1,3,29,1,1,1,3,3,2,2,1,1,3,7C2301,19,35,3,1,30,1,5,,39,2,2,4,
1,3,36,1,1,1,3,3,2,2,3,3,3,7C2301,19,35,3,1,30,2,3,1100,39,12,,,
1,4,52,1,1,2,5,1,2,2,3,2,1,CX419,20,5,3,1,,1,5,,39,2,4,,
1,3,33,1,1,1,7,1,2,2,2,1,3,,19,35,3,1,30,1,8,8000,39,2,3,4,
1,4,29,1,4,1,6,2,2,2,1,1,3,J195,21,30,4,1,30,1,6,2300,30,5,5,4,
1,2,62,1,1,1,7,1,2,2,0,2,1,OZ367,20,0,3,1,26,1,1,,39,2,5,,
1,2,19,1,1,1,6,8,2,1,0,1,1,,20,0,3,1,78,1,1,,60,8,3,4,
1,4,45,1,1,2,14,2,2,2,6,"2,3",1,CA5024,20,0,3,1,34,1,2,,39,5,3,4,
1,1,49,1,1,2,7,0,3,2,3,1,3,KE627,12,5,2,1,80,1,6,8000,40,1,5,1,150000
1,1,49,2,1,1,4,4,3,2,1,1,2,KE703,10,10,1,1,41,1,6,8000,50,9,3,,
1,1,25,1,1,1,10,2,3,2,1,2,1,KE897,11,30,1,1,49,2,4,1000,20,12,,,
1,1,29,1,1,2,7,2,3,2,2,5,2,KE725,15,20,2,1,40,1,1,,76,8,7,2,100000
1,1,34,2,1,2,4,0,3,2,2,2,1,KE869,1,0,2,1,40,1,6,8000,50,1,3,,
1,1,43,1,1,4,40,1,3,2,4,2,1,KE833,14,45,2,1,34,1,6,8000,50,1,3,,
1,1,43,2,1,4,40,1,3,2,0,2,1,KE833,14,45,2,1,34,1,6,8000,50,9,3,,
1,1,52,1,1,1,7,1,3,2,0,4,2,KE703,10,15,1,1,56,1,6,8000,50,2,3,3,
1,3,24,2,1,1,4,1,3,2,0,1,3,2301,19,35,3,1,34,2,2,2400,5,12,,,
1,1,29,2,1,1,5,2,3,2,4,1,2,KE5703,13,35,2,1,54,2,3,1100,10,12,,,
1,4,45,1,1,1,7,1,3,1,10,1,4,CX411,15,15,2,1,80,1,6,8000,50,1,2,1,200000
1,2,62,1,1,2,4,2,3,2,8,3,2,OZ108/040CT3,10,20,3,2,27,1,5,1500,76,5,3,4,
1,3,31,2,1,1,5,2,3,2,2,5,3,ZE0511,17,30,2,1,40,2,2,3000,5,12,,,
1,3,28,2,1,1,4,1,3,2,2,5,3,ZE511,17,20,2,1,29,2,2,2700,10,12,,,
1,3,29,2,1,1,6,5,3,2,1,3,3,7C2201,20,5,3,1,38,2,3,1100,20,12,,,
1,3,29,1,1,1,6,5,3,2,1,1,3,,20,,3,1,38,1,1,,76,2,,,
1,4,30,2,1,1,5,2,3,2,5,5,3,,4,20,2,1,53,1,6,10000,60,9,3,,
1,4,22,1,4,4,30,0,3,2,0,6,4,,11,45,4,1,39,3,3,1100,15,12,,,
1,1,55,1,1,1,5,3,3,2,2,"2,5",1,,14,10,2,1,28,2,2,4000,10,12,,,
1,1,20,2,1,3,21,1,3,2,1,5,1,KE607,19,45,3,1,49,1,6,8000,50,8,,4,
1,1,46,1,1,2,4,1,3,2,50,2,3,KE687,19,0,3,2,,1,6,5500,40,12,5,4,
1,1,31,2,1,4,4,0,3,2,100,"1,2,3,4,5",3,KE691,10,35,1,2,40,2,2,8000,10,12,,,
1,3,28,1,1,1,5,4,3,2,4,6,3,7C2301,19,35,3,1,30,1,6,12000,75,2,2,,
1,1,32,2,1,1,10,2,3,2,2,1,1,KE833,14,50,2,1,48,2,2,5000,10,12,,,
1,1,29,2,1,1,5,2,3,2,2,3,2,KE5703,13,35,2,1,54,1,6,8000,50,3,2,,
1,1,35,2,1,2,3,5,3,2,20,1,3,KE653,18,40,3,1,60,1,6,6000,40,12,3,4,
1,3,28,1,1,1,7,9,3,1,2,1,3,,8,30,3,1,45,1,6,11000,90,2,4,4,
1,3,53,2,1,1,7,9,3,2,0,1,3,,20,30,3,1,45,2,2,1050,20,12,,,
1,3,29,1,1,1,6,1,3,2,3,3,2,,15,30,2,1,17,2,4,2000,60,12,,,
1,3,28,1,1,1,6,5,3,2,0,1,3,7C2201,20,5,3,1,38,2,3,1100,20,12,,,
1,1,47,1,1,1,5,2,3,2,3,1,3,KE687,19,0,3,1,,1,5,1200,40,4,5,1,7000
1,,23,2,1,1,7,2,3,1,0,1,3,,,,2,1,30,1,5,1050,30,3,2,,
1,3,33,1,1,1,6,1,3,2,1,4,3,,16,,2,1,40,2,5,1050,60,12,,,
1,3,29,2,1,1,5,0,3,2,1,1,3,,16,,2,1,40,1,5,1050,60,2,,,
1,1,40,1,1,1,5,10,3,2,0,6,3,,,,2,3,,1,7,4300,53,2,2,2,
1,4,54,2,1,1,5,26,3,1,2,1,3,7C2201,20,,3,1,3,2,2,2500,76,12,,,
1,1,60,2,1,1,5,2,3,2,1,1,3,KE659,20,20,3,1,,1,6,,76,11,1,4,
1,1,62,1,1,1,5,2,3,2,1,1,3,KE659,20,20,3,1,,1,6,,120,11,1,4,
1,4,64,2,1,1,5,26,3,1,2,1,3,7C2201,20,0,3,1,3,2,2,2500,76,12,,,
1,3,24,2,1,1,5,1,3,2,2,1,3,ZE511,17,30,2,1,50,1,6,12000,100,2,4,,
1,1,39,1,1,2,9,1,3,2,1,2,4,KE655,11,30,3,1,100,2,8,3000,60,12,,,
1,2,37,2,1,1,5,4,3,1,2,3,1,OZ0323,20,0,3,1,41,1,6,12000,90,3,2,2,
1,1,43,1,1,2,9,2,3,2,1,"2,3",4,KE655,19,30,3,1,120,1,6,,76,2,3,,
1,1,30,1,1,2,7,1,3,1,9,6,3,KE631,20,35,3,1,53,1,9,350000,80,12,3,1,70000
1,3,30,1,1,1,6,1,3,2,1,3,3,7C2203,20,40,3,1,40,1,6,10000,60,2,3,,
1,1,50,2,1,1,7,2,3,2,2,1,3,,9,45,1,1,,1,1,,76,3,,,
1,2,37,1,1,2,60,1,3,2,10,2,1,OZ367,20,,3,1,30,2,3,1050,30,12,,,
1,3,33,1,1,1,7,2,3,2,0,3,3,7C2301,19,35,3,1,56,2,3,2000,60,12,,,
1,3,34,,1,1,7,1,3,2,2,1,3,7C2401,21,55,4,1,53,2,3,2000,60,12,,,
1,1,55,2,1,1,5,2,3,2,2,2,1,KE5885,16,33,2,1,28,2,3,2000,30,12,,,
1,1,43,1,4,1,7,2,3,2,1,1,3,KE651,17,40,2,1,70,2,2,10000,20,12,,,
1,4,43,2,1,1,20,2,3,1,3,1,1,FM828,18,10,3,1,35,2,4,,60,12,,,
1,4,52,2,1,1,6,12,3,1,1,1,3,,9,20,1,3,,2,2,8500,30,12,,,
1,3,43,2,1,1,5,3,3,2,1,"1,3",2,7C1402,15,30,2,1,11,1,1,30000,90,7,4,1,65744
1,1,51,1,1,1,4,11,3,1,1,1,3,,17,40,2,1,,1,1,,76,12,,1,428
1,4,30,2,1,1,15,3,3,2,2,1,3,,,,1,1,,1,5,,76,2,2,,
1,1,30,2,1,1,4,2,3,2,2,3,2,,,,4,1,48,1,5,,76,12,,,
1,2,37,2,1,1,10,3,3,1,1,1,3,OZ747,20,0,3,1,100,2,5,20,76,12,,,
1,1,33,2,1,1,3,2,3,2,1,1,3,KE631,20,35,3,1,,1,6,,76,12,2,,
1,2,29,2,2,1,20,1,3,1,0,2,1,OZ367,8,,3,1,52,1,1,,90,3,3,2,
1,1,50,2,1,1,4,2,3,2,4,"1,2",3,KE659,20,20,3,1,50,1,1,,60,5,4,1,140000
1,2,25,2,1,3,99,1,3,2,1,3,2,OZ178,9,,4,1,30,2,3,1050,20,12,,,
1,1,20,2,1,1,15,1,3,2,1,3,2,KKE719,20,55,3,1,36,2,3,1050,30,12,,,
1,2,62,2,1,1,3,6,3,1,1,1,1,OZ367,20,0,3,1,26,1,9,,76,9,1,,
1,4,53,2,1,1,7,4,3,1,1,1,3,TG657,,,4,1,50,1,1,,90,2,2,1,1500
1,1,41,2,1,1,4,3,3,1,1,1,3,KE659,20,20,3,1,,1,5,,76,12,2,1,34000
1,2,60,2,1,1,3,4,3,1,1,1,1,OZ749,20,10,3,1,26,1,5,,120,9,1,,
1,4,41,2,1,1,4,3,3,2,3,"1,2,3",3,PR469,20,45,3,1,20,3,2,,76,12,,,
1,3,36,1,1,1,5,1,4,2,3,"1,3",3,,,,2,1,,2,8,,60,1,3,4,
1,,58,1,1,3,7,2,4,1,8,5,4,,,,2,1,180,3,2,6000,20,12,,,
1,2,40,1,1,2,15,1,4,2,3,2,1,OZ365,14,0,2,1,26,3,2,11000,10,12,,,
1,2,32,1,1,1,5,2,4,2,1,1,3,OZ751,16,0,2,2,75,2,8,,155,12,,,
1,2,30,2,1,1,5,2,4,2,1,1,3,OZ751,16,10,2,2,75,2,8,14000,40,12,,,
1,3,45,1,1,1,5,1,4,2,1,"1,2",3,7C2301,19,35,3,1,35,2,8,,155,12,,,
1,2,22,1,4,3,150,0,4,2,0,1,3,,21,0,4,1,50,1,4,,155,8,,,
1,1,54,1,1,1,5,2,4,2,0,7,1,,21,,4,1,49,1,7,6800,65,12,,,
1,1,52,2,1,1,5,1,5,1,2,1,3,,19,0,3,1,,2,10,90000,60,12,,,
1,3,33,1,1,1,5,2,5,2,1,1,3,7C2201,19,35,3,1,,2,2,7500,30,12,,,
1,1,24,2,1,1,45,2,5,2,1,5,4,KE933,13,0,2,1,140,2,7,17900,180,12,,,
1,3,32,2,1,1,6,2,5,2,1,1,3,,20,5,3,1,40,2,2,7500,10,12,,,
1,1,57,1,4,2,140,1,5,2,10,1,3,KE641,18,40,3,1,,2,10,,60,12,,,
1,1,30,2,1,1,5,2,5,2,122,1,3,KE643,14,20,2,1,64,2,8,48000,90,12,,,
1,1,27,1,1,2,180,1,5,2,4,3,2,,18,30,3,1,67,2,8,50000,311,12,,,
1,1,34,1,2,2,30,1,5,2,12,2,1,KE607,19,45,3,1,48,3,4,,311,2,2,,
1,4,41,1,1,4,8,10,5,2,5,6,1,,13,40,2,2,120,3,1,,10,12,,,
1,,25,2,1,1,5,1,5,1,0,1,3,,13,25,2,1,,3,2,17000,311,12,,,
1,,27,2,1,1,5,1,5,1,0,1,3,,13,25,2,1,,3,2,17000,311,12,,,
1,1,30,1,1,1,5,1,5,2,10,2,3,KE643,14,20,2,1,65,3,1,1800,30,12,,,
1,4,39,1,1,1,0,5,5,2,0,1,3,8B0964,13,25,2,2,30,3,2,10000,30,12,,,
1,4,37,1,1,1,6,5,5,2,5,1,3,8B0964,13,25,2,1,41,3,5,1100,30,12,,,
1,1,36,1,1,2,150,0,5,2,3,4,4,KE061,21,35,4,1,150,2,2,4600,10,12,,,
1,2,43,1,1,4,6,7,5,2,2,1,3,,7,5,3,1,57,4,2,10000,20,12,,,
1,3,32,1,1,1,5,1,5,2,1,5,3,,20,40,3,1,64,1,8,8000,40,4,1,,
1,2,36,1,4,2,180,1,5,2,2,1,3,,19,15,3,1,,2,2,,311,12,,,
1,1,44,1,1,2,3,0,5,2,2,1,3,KE471,,,3,1,89,2,8,50000,390,12,,,
1,4,44,1,4,1,4,4,5,1,2,1,3,,18,0,3,1,50,1,8,56000,311,3,3,,
1,3,24,2,1,1,5,2,5,1,1,1,3,,20,5,3,1,,2,8,38000,120,5,2,,
1,1,28,2,4,1,6,2,5,2,1,1,3,KE631,8,35,3,1,45,2,8,24000,110,12,,,
1,2,55,2,1,1,6,1,5,1,2,2,1,,8,30,3,2,66,2,8,50000,311,12,,,
1,1,35,1,1,1,5,2,5,2,1,1,3,KE631,20,35,3,1,45,2,8,24000,65,12,,,
1,1,67,2,1,1,6,1,5,2,1,3,3,,5,40,2,1,,1,8,50000,180,7,2,4,
1,2,45,1,1,2,90,1,5,2,4,1,1,OZ377,17,0,2,1,45,2,1,10000,60,12,,,
1,1,22,1,1,3,100,0,6,2,0,6,4,,20,5,3,1,110,1,7,1200,15,12,,,
1,3,22,2,1,1,7,1,6,2,1,"2,3",3,7C2301,7,35,3,1,24,1,1,,290,8,7,,
1,3,22,2,4,3,7,1,6,2,2,1,3,7C2301,7,35,3,1,24,3,8,,290,12,,,
1,4,30,1,1,2,2,1,6,2,3,1,3,CX411,15,15,2,1,60,3,2,,290,12,,,
1,2,22,2,1,1,8,4,6,2,1,1,1,OZ3195,20,30,3,1,40,1,4,,390,8,2,,
1,4,45,1,1,1,5,1,7,2,0,1,3,8B0964,13,35,2,1,61,3,8,6000,120,12,,,
1,4,40,2,1,1,5,1,7,2,2,1,3,8B0964,13,35,2,1,61,3,8,6000,120,12,,,
1,1,24,1,5,2,90,1,8,2,4,"2,4",1,,19,0,3,1,37,1,5,,180,2,2,4,
1,2,45,1,2,2,15,1,8,2,7,1,1,OZ359,12,40,2,1,52,1,6,8000,40,1,3,,
1,2,44,2,2,1,99,1,8,2,4,2,1,OZ349,12,30,2,1,31,1,1,,34,9,4,4,
1,2,53,1,5,2,7,2,8,2,50,1,3,OZ741,18,30,3,1,75,1,8,,150,2,6,4,
1,2,50,2,1,1,99,1,8,2,0,1,2,OZ134,14,0,2,1,23,1,1,,180,9,5,,
1,4,49,1,1,1,4,2,8,1,0,1,3,7C2203,20,40,3,3,,1,5,2700,40,3,2,4,
1,4,52,2,1,4,99,0,8,2,0,1,3,5J195,21,35,4,1,27,1,6,15000,100,9,1,1,
1,2,31,2,1,1,15,2,8,2,0,3,2,OZ178,21,0,4,1,27,1,1,,180,2,3,,
1,4,55,1,1,2,5,1,8,2,2,2,1,CX419,20,5,3,1,,1,6,,180,2,,,
1,1,50,1,1,1,365,2,8,1,0,2,2,KE719,20,55,3,1,48,1,9,,180,2,,4,
1,4,47,2,1,1,4,2,8,1,0,1,3,7C2203,20,40,3,3,,1,5,2700,40,9,,4,
1,1,47,2,1,1,6,2,8,2,0,7,3,KE623,20,5,3,1,,3,5,,180,2,4,4,
1,3,37,1,4,4,99,0,8,2,1,1,3,CJ003,21,40,4,1,65,2,1,,180,12,,,
1,2,27,2,5,1,5,8,8,2,5,6,4,OZ601,8,10,3,1,14,1,5,,120,3,2,,
1,4,44,1,5,1,10,1,8,2,2,4,4,,16,50,2,2,50,1,8,,180,1,6,1,200000
1,2,54,2,1,4,3,0,8,2,4,3,2,,6,50,3,1,50,1,2,,180,9,7,2,100000
1,1,56,2,3,1,8,2,8,2,1,3,2,KE0001,17,40,2,2,260,2,1,,180,12,4,,
1,1,21,2,1,3,10,0,8,2,3,2,1,KE895,19,15,3,1,45,1,2,14000,35,8,6,1,9030
1,4,30,2,1,1,7,2,8,2,7,1,1,CZ370,20,30,3,2,50,1,5,,180,2,3,4,
1,4,27,2,1,1,15,1,8,2,3,1,3,,6,5,2,1,50,2,2,8000,30,12,,,
2,4,20,1,2,3,50,2,1,2,2,2,1,,19,50,3,3,67,2,5,1650,40,1,1,2,
2,4,55,1,1,2,3,0,1,2,5,2,1,MU9824,19,45,3,1,50,1,1,,60,1,5,1,110000
2,4,62,1,1,1,9,1,1,2,1,3,2,,19,15,3,1,20,1,5,4000,60,10,3,4,
2,4,60,2,1,1,9,1,1,2,2,2,2,,19,15,3,1,20,1,5,4000,60,9,3,2,
2,2,25,1,1,1,365,4,1,2,2,1,2,,,,3,1,36,1,1,,40,8,7,,
2,2,53,1,5,2,3,4,1,2,4,"1,2,3",2,nh1164,16,15,2,1,35,1,2,15000,60,1,3,,
2,2,28,2,1,1,3,1,1,2,4,3,2,OZ1143,17,50,2,1,50,1,1,,40,2,4,1,42000
2,2,39,2,3,1,99,2,1,2,3,3,2,1085,20,,3,1,35,1,2,14000,30,2,4,2,7000
2,1,19,1,1,3,2,2,1,2,3,6,2,,19,,3,1,53,1,2,20000,60,8,3,,
2,2,40,2,4,1,99,2,1,2,4,1,2,,20,1,3,1,36,1,2,23000,60,11,3,2,2000
2,2,23,1,1,1,7,0,1,2,1,3,2,,19,30,3,1,30,1,5,1500,30,8,1,,
2,2,27,1,1,2,7,1,1,2,2,3,2,oz9104,20,5,3,1,40,1,5,1500,20,2,2,1,50000
2,2,26,1,3,1,5,1,1,2,2,4,2,,,,3,1,40,1,5,1200,40,2,5,2,30000
2,2,32,1,1,2,7,1,1,2,6,2,1,OZ3615,16,,2,1,42,1,1,10000,40,2,2,,
2,1,36,1,1,2,3,0,1,2,2,4,2,ke2727,16,55,2,1,53,1,2,12000,20,5,6,1,31184
2,2,40,2,1,1,3,11,1,2,0,1,2,,17,40,2,1,36,1,1,,45,9,2,,
2,3,28,1,1,1,3,3,1,2,4,1,3,TW7667,11,,1,1,30,1,3,1050,20,2,3,4,
2,1,37,2,1,4,2,0,1,1,1,1,1,KE2851,9,30,1,1,50,1,5,1550,90,1,2,4,
2,2,30,2,2,1,7,1,1,2,1,2,1,OZ318,13,30,2,1,34,1,5,1500,60,2,1,,
2,2,53,1,1,2,180,1,1,2,3,2,1,OZ,16,,2,1,30,1,3,1000,60,2,2,,
2,3,60,2,1,1,3,3,1,2,1,2,3,TW7667,10,30,1,1,30,1,3,,40,7,1,4,
2,4,66,1,1,2,90,1,1,2,2,3,2,NH1162,12,40,2,2,60,1,1,,20,12,5,3(ANA),
2,1,23,1,1,2,1,1,1,2,4,3,2,KE2707,9,,1,1,40,1,1,,60,8,,1,
2,4,29,2,1,1,4,1,1,2,3,3,2,NH,12,40,2,1,45,2,1,,20,2,4,,
2,4,54,1,1,2,1,7,1,1,0,5,2,92,12,5,2,1,66,1,2,,32,5,,,
2,4,40,1,1,2,3,0,1,2,20,2,1,MU512,12,,2,1,,1,1,,15,5,2,1,15000
2,4,38,2,1,1,4,0,1,2,2,2,1,hv9824,17,45,2,1,32,1,5,2000,20,4,2,3(????),
2,3,29,2,1,2,4,3,1,2,1,5,2,7c1482,14,30,2,1,24,1,3,1500,40,5,1,1,
2,1,19,1,1,4,3,1,1,2,2,1,2,ke2709,16,30,2,1,40,1,1,2000,90,8,3,1,
2,1,33,1,1,2,2,2,1,2,1,2,1,,16,15,2,1,60,1,1,,50,1,5,1,300000
2,1,23,2,1,3,99,0,1,2,2,2,2,,16,30,2,1,45,1,6,10000,60,8,4,1,4000
2,2,42,1,1,1,3,10,1,2,1,3,2,,17,,2,1,36,1,1,10000,60,2,2,,
2,1,35,2,1,1,5,2,1,2,2,3,2,ke2711,19,,3,1,20,1,5,,90,8,2,,
2,4,22,1,1,1,5,0,1,2,0,2,2,94,19,15,3,1,33,1,8,,40,8,3,4,
2,4,23,1,1,1,365,1,1,2,1,3,2,jl974,15,,2,1,45,2,3,,10,8,1,,
2,1,62,1,1,1,4,1,1,2,2,3,2,ke5727,15,,2,1,30,1,1,,30,11,4,4,
2,4,67,2,1,1,4,2,1,2,2,3,1,CZ318,12,30,2,1,,1,5,,15,9,2,,
2,4,67,1,1,4,30,0,1,2,3,3,2,,12,40,2,1,40,1,6,2000,60,10,3,2,30000
2,1,50,1,1,2,2,1,1,2,5,2,2,KE5707,12,,2,1,53,1,5,1500,40,2,4,,
2,4,55,1,1,1,3,2,1,2,0,3,2,NH1164,16,15,2,1,50,1,2,15000,30,3,4,4,
2,4,51,1,1,2,7,1,1,2,4,2,1,,17,20,2,1,40,1,6,6000,40,2,5,4,
2,1,60,2,1,1,7,1,1,2,2,"3,4",2,KE2725,,,1,1,100,1,6,6000,30,10,5,1,12000
2,4,62,2,1,1,4,6,1,1,2,2,1,CZ318,12,30,2,1,,1,5,,20,9,2,4,
2,1,60,1,1,2,4,2,1,2,1,3,2,KE5707,12,5,2,1,40,1,3,7000,60,3,,1,
2,1,46,2,1,1,4,3,1,2,2,3,2,,16,15,2,1,53,1,9,,90,9,2,4,
2,4,43,1,1,1,3,2,1,2,0,3,2,nh1164,16,15,2,1,40,2,2,,15,2,4,1,10000
2,4,45,2,1,2,2,2,1,2,0,5,2,NH1164,16,15,2,1,38,2,2,3500,10,9,4,1,10000
2,4,44,1,1,1,3,2,1,2,0,3,2,NH1164,16,15,2,1,40,2,5,1500,10,1,5,1,100000
2,1,53,1,1,1,7,5,1,2,0,2,2,KE5707,,,2,1,40,1,1,,40,2,4,,
2,1,57,1,1,2,2,3,1,2,4,2,1,KE2815,16,15,2,2,48,1,1,,60,1,5,,
2,1,56,1,1,4,6,1,1,2,2,3,2,KE2709,16,30,2,1,53,1,5,1150,30,10,2,1,
2,4,32,1,1,1,3,1,1,2,2,3,2,,16,30,2,1,30,1,2,7000,20,3,2,4,
2,4,33,2,1,1,10,0,1,2,1,3,4,JL974,15,,2,1,89,1,5,1150,50,2,1,4,
2,4,31,1,1,1,8,1,1,2,2,1,1,CZ318,12,30,2,1,120,1,1,12000,25,2,2,4,
2,3,30,2,1,1,4,1,1,2,4,2,3,T,W7667,11,4,1,34,1,2,12000,30,2,1,1,31000
2,1,42,2,1,1,4,7,1,1,0,1,1,KE2851,9,30,1,1,48,1,1,,20,9,6,2,
2,1,43,2,1,4,7,2,1,2,3,2,2,,,,1,1,40,1,6,10000,60,9,3,4,
2,4,28,2,1,1,8,1,1,2,1,6,1,CA318,12,30,2,1,120,1,1,20000,40,2,5,1,20000
2,4,26,1,1,3,140,0,1,2,1,2,1,CA138,9,40,1,1,52,1,1,,45,8,3,1,9400
2,3,31,1,1,1,3,4,1,2,3,6,3,TW7667,11,,1,1,39,1,5,1550,60,2,3,1,15000
2,3,33,2,1,1,3,4,1,2,2,6,3,TW7667,11,,1,1,40,1,5,1550,60,2,3,2,5000
2,4,38,1,1,2,3,1,1,2,3,3,2,JL974,15,,2,1,,1,5,,40,2,2,,
2,4,30,2,1,4,14,0,1,2,3,1,2,7C1482,14,30,2,2,42,1,1,,70,2,3,1,10000
2,4,32,2,2,2,5,1,1,2,8,2,1,CA5040,8,40,1,2,,1,6,4000,20,1,6,1,23462
2,1,35,2,1,1,4,1,1,2,2,3,2,KE5727,15,,2,1,30,1,1,,30,4,4,4,
2,1,34,1,3,2,3,2,1,2,3,1,2,KE5727,16,55,2,1,53,1,2,15000,30,5,4,,
2,1,39,1,3,2,3,2,1,2,6,"3,4",2,KE5727,16,55,2,1,53,1,1,,60,5,5,1,
2,1,56,2,1,1,3,14,1,1,1,2,1,KE2815,16,15,2,1,44,1,1,,30,6,3,,
2,1,29,1,1,1,4,14,1,1,0,7,1,KE2815,16,,2,1,48,2,2,4500,15,2,3,,
2,1,64,2,1,1,4,14,1,1,1,5,1,KE2815,16,15,2,1,44,1,5,1300,40,7,4,1,
2,1,67,2,1,1,4,14,1,1,2,3,1,KE2815,16,15,2,1,45,1,1,,30,9,3,,
2,1,59,2,1,1,4,14,1,1,1,5,1,KE2815,16,15,2,1,44,2,1,,5,9,2,"1,2",
2,1,22,2,1,4,8,4,1,2,3,1,1,KE5801,12,30,2,1,30,1,5,3000,10,8,6,4,
2,1,26,2,3,3,7,0,1,2,0,3,2,KE2707,9,,1,1,60,1,3,1150,40,8,5,1,5320
2,1,28,2,2,2,4,1,1,2,6,2,1,KE2815,16,15,2,2,50,2,3,1200,20,1,4,,
2,1,28,1,1,3,180,0,1,2,0,2,1,KE2815,16,15,2,1,48,1,5,,40,8,3,4,
2,3,25,2,1,1,3,3,1,2,0,6,3,TW7667,11,,1,1,40,1,5,1350,60,2,5,4,
2,4,38,1,1,1,5,1,1,2,0,3,2,JL974,15,,2,1,40,1,5,,30,2,2,,
2,4,51,2,3,2,365,2,1,2,6,3,2,JL974,15,,2,1,40,1,5,,15,1,4,,
2,1,59,2,1,1,4,6,1,1,0,2,1,KE2815,16,,2,1,60,2,2,,10,12,,,
2,1,58,2,1,1,3,6,1,1,2,2,1,,,,2,1,60,2,2,,10,11,2,,
2,1,67,2,1,1,10,7,1,1,0,2,1,KE2815,16,,2,1,60,2,2,,10,9,2,,
2,2,69,2,1,2,365,0,1,2,10,6,2,OZ1095,20,,3,,50,1,5,,45,12,1,2,17918
2,4,55,1,1,2,6,1,1,2,2,2,1,FM,19,45,3,1,,1,5,,30,2,3,4,
2,2,59,2,1,2,4,2,1,2,2,1,2,OZ1085,20,,3,1,36,1,5,3000,30,9,3,2,
2,2,64,2,1,1,4,2,1,2,1,3,2,OZ1085,20,,3,1,36,1,5,,40,9,5,4,
2,1,48,2,1,1,2,3,1,2,3,4,2,ke2727,16,55,2,2,70,1,1,,40,9,7,4,
2,1,50,1,3,2,4,34,2,1,2,"3,5",2,,20,30,3,1,30,1,5,1250,50,5,3,2,12000
2,2,30,2,1,4,7,1,2,2,3,2,1,OZ3615,16,,2,1,42,1,1,10000,40,8,2,,
2,2,35,1,1,1,7,0,2,2,4,3,2,nh1166,20,5,3,2,64,2,2,3300,20,12,1,2,800
2,4,22,2,2,2,30,7,2,2,6,2,1,C8318,12,30,2,1,,1,1,,30,3,,,
2,4,30,2,3,3,99,1,2,2,1,3,2,,12,5,2,1,53,1,1,,20,8,1,4,
2,3,43,2,1,1,3,7,2,1,0,7,3,TW7667,10,30,1,1,,2,5,,41,12,1,4,
2,3,30,2,1,1,3,2,2,1,3,6,3,TW7669,11,,1,1,64,2,3,,5,4,3,4,
2,3,40,2,1,1,3,7,2,1,1,2,3,TW7667,11,,1,1,,2,1,,30,2,2,,
2,3,46,2,1,1,3,7,2,1,0,7,3,TW7667,11,,1,1,,2,1,,30,2,2,2,
2,3,39,2,1,1,3,7,2,1,0,5,3,TW7667,11,,1,1,,2,1,,20,5,1,4,
2,4,59,1,1,1,8,1,2,2,1,2,4,,19,15,3,1,,2,2,,10,4,3,1,30000
2,2,44,1,3,1,10,1,3,2,3,3,2,OZ1044,15,30,2,1,70,1,1,,60,7,3,,
2,2,76,1,1,4,4,2,3,2,0,3,2,,,,3,,24,1,1,,90,11,1,,
2,2,39,2,5,2,3,3,3,2,6,"3,6",2,nh1164,16,15,2,1,35,1,1,,25,1,4,"1,2,3",
2,2,21,2,1,1,30,0,3,2,2,2,1,OZ3615,16,,2,1,33,1,6,12000,90,8,3,2,20000
2,2,20,1,1,1,4,0,3,2,1,3,2,OZ1085,20,,3,1,50,1,5,2000,40,8,2,,
2,2,30,1,1,2,100,1,3,2,4,2,1,,16,,2,1,40,1,3,2800,4,1,3,,
2,4,47,1,1,2,10,8,3,2,2,2,1,,12,30,2,1,,1,1,,90,2,3,4,
2,4,32,1,1,1,6,2,3,2,1,1,3,BR155,13,50,2,1,35,1,6,8800,7,5,2,4,
2,4,28,2,1,1,6,2,3,2,1,1,3,BR155,13,50,2,1,35,1,6,8800,80,9,2,4,
2,1,47,1,3,4,1,2,3,2,0,7,,,,,1,1,35,1,6,6000,60,7,1,,
2,1,36,2,2,1,30,0,3,2,4,"2,3",1,KA2851,9,30,1,3,50,1,5,1650,40,12,,,
2,3,44,2,3,1,7,1,3,2,0,3,2,,14,30,2,3,20,1,6,5100,60,2,1,,
2,4,25,2,1,3,90,0,3,2,5,"2,3",2,NH1162,12,40,2,1,50,1,1,,60,8,1,4,
2,,26,1,3,2,15,0,3,2,5,3,,,12,10,2,1,,1,3,6000,10,3,2,,
2,3,27,2,5,1,3,2,3,2,2,6,3,7667,11,,1,1,,1,6,,30,2,7,4,
2,1,74,2,1,1,3,13,3,1,0,2,1,,16,30,2,1,48,1,9,,120,9,1,,
2,1,68,2,1,1,4,13,3,1,1,1,1,,16,30,2,1,48,1,9,,120,9,1,,
2,4,34,1,1,2,5,1,3,2,2,6,2,,20,,3,1,60,1,2,60000,30,2,5,1,30000
2,1,45,1,3,2,3,0,3,2,3,5,2,ke2727,16,55,2,1,25,2,4,2000,30,5,5,"1,2",
2,1,46,1,1,2,9,2,3,2,15,2,1,ke2815,16,15,2,2,48,1,1,,30,1,6,1,500000
2,1,52,2,1,1,5,2,3,2,1,3,2,ke2727,16,55,2,1,20,1,5,2000,60,9,3,,
2,2,45,2,1,1,21,0,3,2,3,3,2,OZ1085,20,,3,1,50,2,6,20000,150,9,1,2,35000
2,1,59,2,1,1,3,4,3,2,1,2,1,KE5899,19,45,3,1,48,1,5,2000,40,9,4,4,
2,4,21,2,1,1,4,1,3,2,0,3,2,,16,15,2,1,45,1,5,,40,8,1,,
2,1,68,2,1,1,4,13,3,1,0,1,1,ke2815,16,15,2,1,48,1,1,,120,9,2,,
2,1,62,2,1,1,44,2,3,2,0,2,1,ke2815,16,15,2,1,53,1,5,,64,7,2,4,
2,1,60,2,1,1,4,2,3,2,0,3,2,ke5727,15,,2,1,60,1,6,6000,40,9,1,4,
2,1,65,1,1,1,4,2,3,2,0,3,2,ke5727,15,,2,1,60,1,6,6000,40,10,2,4,
2,1,51,1,1,2,1,0,3,2,30,3,2,KE2707,9,,1,1,65,2,2,7000,20,2,6,1,500000
2,4,56,2,1,1,5,2,3,2,0,1,2,NH1162,12,15,2,1,32.5,1,6,8000,50,9,3,4,
2,4,58,2,1,1,5,1,3,2,0,3,2,7C1482,14,30,2,1,,2,6,,64,9,4,,
2,4,55,2,1,1,5,2,3,2,0,7,2,NH1162,12,30,2,1,32.5,2,1,,20,9,4,,
2,2,53,1,1,2,5,2,3,2,2,3,2,OZ9128,,,1,1,40,1,6,6000,40,2,2,4,
2,2,59,1,1,1,3,5,3,2,0,3,2,OZ9102,12,30,2,1,50,1,5,70,10,2,3,4,
2,4,61,2,1,1,3,0,3,2,3,1,2,NH1162,12,40,2,1,40,1,6,10000,64,9,2,4,
2,1,66,2,1,1,4,13,3,1,1,1,1,KE2815,16,15,2,1,48,1,11,,120,9,2,4,
2,3,49,2,1,1,4,4,3,2,0,5,3,TW7667,11,10,1,3,60,2,2,2200,64,9,1,4,
2,1,53,2,1,1,4,2,3,1,1,2,1,,9,30,1,1,35,1,2,10000,64,7,4,1,11692
2,4,59,1,1,1,3,0,3,2,3,2,2,NH1162,12,40,2,2,5,1,5,3000,120,11,2,4,
2,1,33,1,2,2,7,1,3,2,15,2,1,KE,16,15,2,1,48,2,2,6000,20,1,5,1,30000
2,4,48,2,1,1,4,2,3,2,3,3,2,NH1164,16,15,2,1,,1,5,2000,25,9,2,4,
2,4,46,2,1,2,1,2,3,2,2,3,2,NH1162,12,40,2,1,40,1,1,,60,3,3,1,
2,1,43,2,1,1,4,3,3,2,2,3,2,KE2727,16,55,2,1,40,1,1,,90,11,3,1,
2,2,42,2,1,1,4,3,3,1,1,6,1,OZ3315,8,50,1,1,33,1,1,,64,9,3,2,8000
2,4,43,2,1,2,3,4,3,2,5,3,2,JL974,15,,2,2,,1,5,1100,20,1,4,,
2,3,25,2,1,1,3,3,3,2,0,6,3,TW7667,11,,1,1,40,1,6,4000,40,2,4,4,
2,4,20,1,1,2,90,2,3,2,3,4,1,318,12,30,2,1,44,2,4,15000,60,12,,,
2,4,30,2,3,1,3,2,3,2,0,3,2,NH1162,12,40,2,1,40,1,1,,30,2,2,,
2,2,40,1,1,2,7,2,3,2,10,3,2,OZ1045,15,30,2,1,36,1,1,,60,2,2,2,39000
2,2,42,1,1,2,7,2,3,2,10,3,2,OZ1045,15,30,2,2,36,1,1,,60,2,2,2,39782
2,4,22,2,1,1,8,0,3,2,0,1,3,BR0155,13,20,2,1,30,1,1,,40,8,6,4,
2,1,25,2,1,3,99,0,3,2,1,2,1,KE2815,16,15,2,1,37,1,1,,90,8,3,1,
2,4,27,1,1,1,3,2,3,2,0,2,2,NH1162,12,40,2,1,40,1,1,,30,6,2,4,
2,4,24,2,1,1,10,0,3,2,0,2,1,,9,25,1,1,,1,6,6000,60,8,3,,
2,4,28,1,1,2,7,2,3,2,2,3,2,JL91,12,,2,,,1,3,1000,20,2,2,2,5000
2,1,28,1,2,1,4,5,3,1,1,5,1,KE2815,9,30,2,1,35,1,2,10000,20,12,6,1,15023
2,1,25,1,1,1,5,2,3,2,0,2,2,KE2727,16,55,2,1,35,1,6,6000,30,8,1,4,
2,1,64,2,1,1,5,13,3,1,1,2,1,,,,2,1,48,1,1,,64,9,4,,
2,1,64,2,1,1,4,13,3,1,0,2,2,,16,30,2,1,53,1,4,15000,60,9,4,,
2,2,64,2,1,1,2,1,3,2,0,3,2,OZ1085,20,,3,1,45,1,5,,120,10,2,4,
2,2,32,1,1,2,90,1,4,2,2,2,1,oz362,16,,2,1,30,1,2,8400,80,12,,,
2,2,40,,1,1,7,1,4,2,3,3,2,,16,15,2,1,34.14,1,3,11700,120,7,2,,
2,2,70,1,1,1,4,6,4,2,1,6,1,OZ3615,15,30,2,1,33,1,2,11500,120,12,2,,
2,2,62,2,1,1,4,6,4,2,1,2,1,,15,30,2,1,33,2,2,10000,20,11,4,,
2,2,35,2,1,1,4,6,4,1,1,6,1,OZ3615,15,30,2,1,33,2,2,10000,20,12,2,,
2,2,35,1,1,4,6,0,4,1,1,1,1,OZ3615,15,30,2,1,33,2,2,10000,20,12,2,,
2,4,40,1,1,2,120,7,5,2,6,2,1,fm824,19,55,3,2,89,1,1,,30,2,6,,
2,2,60,2,1,1,2,1,5,2,2,3,2,oz1045,15,30,2,1,36,2,8,60000,180,11,2,,
2,3,53,2,1,1,4,4,5,2,1,6,3,TW7607,11,10,1,3,60,3,8,40000,305,9,1,4,
2,1,21,2,1,1,4,20,5,1,1,3,2,,16,30,2,1,60,1,5,2000,50,8,3,1,
2,1,21,2,1,1,5,0,5,2,0,2,1,KE5801,12,30,2,1,48,1,3,1150,305,8,4,3,
2,1,72,2,1,1,4,1,6,1,0,2,1,KE2815,16,15,2,1,45.9,1,1,,150,9,1,4,
2,1,61,2,1,1,5,20,6,1,2,3,2,,16,30,2,2,60,1,2,,40,9,,1,
2,1,70,1,1,1,4,10,6,1,0,3,1,,16,15,2,1,48,1,1,,120,10,1,4,
2,1,46,1,1,1,4,10,6,1,0,2,1,,16,15,2,1,48,1,1,,120,2,3,4,
2,3,26,2,1,2,6,3,6,2,2,1,3,TW7667,11,,1,1,50,1,6,23000,180,12,2,,
2,,29,1,1,4,31,1,7,2,0,7,4,,19,,3,1,,1,1,,90,12,1,4,
2,4,51,1,5,1,8,4,7,2,6,1,4,CA138,9,25,1,1,11,1,6,20000,120,1,5,1,230000
2,3,38,2,1,1,3,4,7,1,0,1,3,ZE9887,11,,1,1,50,1,4,15700,90,5,2,4,
2,3,37,2,1,1,3,4,7,1,1,1,3,ZE9887,11,,1,1,50,1,6,15700,90,7,2,,
2,2,45,2,1,1,7,0,8,2,4,3,2,OZ1045,15,30,2,1,70,1,1,,60,12,7,,
2,3,58,2,1,1,10,1,8,2,5,3,2,7C1482,14,30,2,1,23,1,2,17000,40,9,1,4,
2,4,26,1,2,3,50,0,8,2,1,2,1,,19,45,3,1,30,1,6,10000,40,8,1,4(????),1200
2,4,19,2,5,1,4,1,8,2,3,3,1,,19,45,3,1,,1,3,5000,60,8,4,4,
2,4,27,2,2,1,5,2,8,2,2,"1,2",1,MU9824,19,45,3,1,86,1,2,22800,60,2,3,4,
2,2,60,2,1,3,365,0,8,2,2,3,2,1166,20,,3,1,36,1,2,20000,40,9,,3,
2,4,45,1,2,2,4,0,8,2,7,"2,3",1,mu,19,30,3,1,87,1,2,20600,30,5,,4(????),100000
2,1,37,1,3,2,4,1,8,2,2,6,2,KE2711,19,,3,1,70,1,1,,90,1,,,
2,4,23,2,2,1,7,1,8,2,0,2,1,,19,20,3,1,24,1,5,2000,30,2,3,4,
2,4,23,2,2,1,7,1,8,2,0,2,1,,19,20,3,,24,1,5,2000,30,2,3,4,
2,1,50,2,1,1,5,1,8,2,5,3,2,ke2709,16,30,2,1,40,1,2,23500,30,9,5,1,170000
2,2,17,1,1,3,7,1,8,2,1,2,1,OZ3615,16,,2,1,33,1,1,,60,12,,,
2,1,43,1,5,1,5,4,8,2,5,1,1,8125,16,15,2,1,37,1,2,14400,60,6,,,
2,2,50,1,1,2,3,0,8,2,10,1,2,OZ1085,20,,3,2,50,1,2,50000,60,5,5,,
2,2,32,1,1,2,5,1,8,2,3,3,2,,20,,3,1,70,1,8,25000,60,2,4,2,3000
2,2,35,1,3,2,3,1,8,2,15,3,2,nh1166,20,15,3,1,90,1,2,27000,70,1,5,1,50000
2,2,54,2,1,1,35,0,8,2,1,"4,5",4,oz222,10,,1,1,,1,1,,20,3,4,1,39000
2,4,48,1,1,2,7,4,8,2,10,2,1,mu,19,20,3,1,78,2,6,50300,50,2,4,,
2,1,34,2,1,4,365,0,8,2,5,"2,5",1,ke2815,16,15,2,1,48,1,11,75000,60,12,4,,
2,1,49,2,1,1,4,1,8,2,0,3,2,,16,20,2,1,53,1,1,,40,1,,,
2,4,40,1,1,4,99,1,8,2,5,2,1,,19,40,3,1,26,1,2,23000,30,2,4,,
2,1,44,2,1,2,7,28,8,2,12,3,2,,19,,3,2,58,1,1,20000,30,7,6,1,18000
2,1,68,1,3,2,8,2,8,2,2,"2,3",2,ke2711,19,,3,1,53,1,3,10000,50,5,4,1,26561
2,1,55,1,1,2,365,1,8,2,20,"2,4",1,,16,15,2,2,100,1,10,98000,50,1,7,1,10000
2,3,60,2,1,3,5,0,8,1,12,3,2,7c1482,,,2,1,19,1,2,12000,20,12,2,3(????),
2,4,40,1,3,1,2,0,8,2,1,3,2,,20,1,3,1,,1,5,2000,40,2,4,4,
2,3,45,2,3,3,5,1,8,2,1,3,2,7c1482,14,30,2,1,21,1,6,9000,60,2,,3(????),
2,4,35,1,3,3,30,0,8,2,15,6,2,JL94,7,15,3,1,200,1,6,10000,180,8,1,"1,2",
2,4,24,2,2,1,5,4,8,2,1,3,1,km824,19,45,3,3,,1,5,3000,30,2,,,
2,2,34,2,1,1,5,2,8,2,2,3,2,OZ1145,17,50,2,1,30,1,1,,40,10,3,3,17000
2,4,27,1,3,2,3,0,8,2,20,3,2,JA091,19,,3,1,,1,2,10000,30,12,2,3(JAL),15000
2,4,55,2,3,1,3,2,8,2,2,3,2,1166,20,5,3,1,40,1,5,2000,30,9,2,3(ANA),5000
2,2,43,1,3,2,7,0,8,2,10,3,2,,20,,3,1,18,2,8,50000,120,12,,,
2,4,39,2,2,2,1,1,8,2,0,2,1,,19,45,3,1,,1,2,,50,2,2,4,
2,2,21,2,4,1,4,1,8,2,0,6,2,OZ1085,20,,3,1,50,1,2,,40,11,1,4,
2,4,20,2,3,1,3,2,8,2,0,3,2,NH6984,20,,3,1,40,2,5,,20,8,1,4,
2,4,22,2,3,1,3,2,8,2,0,1,2,NH6984,20,,3,1,40,2,5,,20,8,1,4,
2,4,26,2,2,1,6,4,8,2,0,2,1,mu9824,19,45,3,1,,1,8,,180,2,1,4,
2,4,25,2,2,3,3,0,8,2,0,2,1,mu9824,19,45,3,1,,1,8,,180,2,1,,
2,4,66,1,3,1,4,1,8,2,1,3,2,,16,15,2,1,77,2,5,1300,20,3,2,1,10000
2,2,43,1,3,2,365,0,8,2,2,3,2,OZ9128,15,,2,1,40,1,10,,40,2,2,4,
2,2,43,1,2,3,365,0,8,2,10,3,2,,17,50,2,1,33,1,5,,50,5,4,,
2,4,41,1,1,2,7,1,8,2,5,2,1,,17,,2,1,33,1,6,6000,180,2,4,2,150000
2,3,33,1,1,1,3,4,8,2,2,2,3,TW7667,11,,1,1,39,1,3,1100,50,2,2,4,
2,4,37,2,3,4,99,0,8,2,2,3,2,974,15,,2,1,42,1,1,,40,9,3,4,
2,4,50,1,2,1,4,3,8,2,7,3,1,,19,,3,1,20,1,6,7000,50,1,6,1,
2,4,23,2,2,1,4,3,8,2,2,3,1,,19,,3,1,20,1,6,7000,50,8,6,1,
2,1,28,1,1,1,4,20,8,1,1,6,1,KE2815,16,15,2,3,37,1,3,7000,40,6,2,4,
2,1,21,1,2,4,99,2,8,2,4,3,1,KE2815,16,30,2,1,52,1,2,20000,40,8,,,
2,1,28,2,2,4,365,2,8,2,2,2,1,KE2815,16,30,2,1,52,1,2,20000,40,3,2,4,
2,4,29,2,2,1,3,3,8,2,0,2,1,MU,19,45,3,1,,2,8,,180,2,1,,
2,4,29,2,2,2,3,3,8,2,0,2,1,MU,19,45,3,1,,2,8,,180,2,1,4,
2,1,37,1,2,1,3,1,8,2,1,2,2,KE2727,16,55,2,1,42,1,5,,60,8,1,4,
2,4,35,2,2,1,4,2,8,2,0,2,1,,19,45,3,1,,2,2,,10,2,3,4,
2,4,35,1,3,2,2,1,8,2,0,3,2,,19,,3,1,40,1,2,,120,2,2,4,
2,4,42,1,3,2,1,1,8,2,0,3,2,NH6984,20,,3,1,40,1,2,,50,2,3,4,
2,4,40,1,3,2,7,1,8,2,1,3,2,JL94,19,15,3,1,50,1,2,,50,2,,4,
2,2,47,1,3,2,3,1,8,2,0,3,2,OZ1085,20,,3,1,36,1,2,,40,2,7,3(ANA),
2,2,40,1,3,1,2,1,8,2,0,3,2,OZ1085,20,,3,1,36,1,6,,60,2,3,4,
2,2,40,2,3,1,3,1,8,2,3,4,2,OZ1085,20,1,3,1,36,1,5,,40,2,,4,
2,1,47,1,3,1,5,1,8,2,0,3,2,KE2727,16,55,2,1,53,2,8,,180,11,1,4,
2,4,52,1,1,1,365,1,8,1,5,3,2,,,,2,1,45,1,1,,15,1,5,,
2,4,21,2,3,1,6,2,8,2,2,2,2,NH1166,20,5,3,1,,1,5,,40,8,4,4,
2,4,32,2,3,1,4,1,8,2,0,3,2,NH6984,20,,3,1,45,1,2,,45,2,2,4,
2,4,30,2,3,2,3,1,8,2,3,2,2,NH6984,20,,3,1,,1,1,,60,5,3,3(ANA),
2,4,42,2,3,1,5,2,8,2,7,2,2,NH6984,20,,3,1,,1,5,,40,7,4,4,
2,4,43,2,3,1,5,2,8,2,1,2,2,NH6984,20,,3,1,,1,5,,40,9,4,2,
2,4,39,1,1,4,8,3,8,2,10,2,1,FM824,19,45,3,1,62,1,1,,45,12,1,5,1
2,4,37,2,1,4,8,3,8,2,6,2,1,824,19,45,3,1,25,1,1,,45,5,5,,
2,1,63,1,5,2,28,1,8,2,3,2,2,KE2711,19,,3,1,53,2,5,,30,2,7,3,
2,4,61,1,3,2,2,4,8,2,15,4,2,jl,19,15,3,2,17,1,2,30000,40,1,7,2,30000
